Title,vendor,command,type,Handle,Variant SKU,tags,published,option1_name,option1_value,option2_name,option2_value,variant_inventory_tracker,variant_price,variant_compare_at_price,variant_barcode,image_src,image_position,variant_image,status,variant_inventory_qty,Metafield: custom.size_chart_image [single_line_text_field],Metafield: custom.colour [single_line_text_field],Option1 Name,Option1 Value
Beige Backless Flared Maxi,Outzidr,REPLACE,Dresses,OZR-W-DRS-66,OZR-W-DRS-66-XL,"Dresses, Outzidr",TRUE,Color,Beige,Size,XL,shopify,989,1099,,https://outzidr.com/cdn/shop/files/3_9ccbb2f7-4d21-494b-9628-c26e807c6b40.jpg,1,https://outzidr.com/cdn/shop/files/3_9ccbb2f7-4d21-494b-9628 -c26e807c6b40.jpg,active,0,https://outzidr.com/cdn/shop/files/All_in_one_Size_Chart.png,Woman,,
Beige Backless Flared Maxi,Outzidr,REPLACE,Dresses,OZR-W-DRS-66,OZR-W-DRS-66-XS,"Dresses, Outzidr",TRUE,Color,Beige,Size,XS,shopify,989,1099,,https://outzidr.com/cdn/shop/files/1_2070a989-d262-408a-a391-2feb2ad124cd.jpg,2,https://outzidr.com/cdn/shop/files/3_9ccbb2f7-4d21-494b-9628-c26e807c6b40.jpg,active,0,https://outzidr.com/cdn/shop/files/All_in_one_Size_Chart.png,Woman,,
Beige Backless Flared Maxi,Outzidr,REPLACE,Dresses,OZR-W-DRS-66,OZR-W-DRS-66-S,"Dresses, Outzidr",TRUE,Color,Beige,Size,S,shopify,989,1099,,https://outzidr.com/cdn/shop/files/41c01bcc092e5a666c104402c6b544d8_61899550-894a-430c-9ca121b-a07fd2837e9e.png,3,https://outzidr.com/cdn/shop/files/3_9ccbb2f7-4d21-494b-9628-c26e807c6b40.jpg,active,2,https://outzidr.com/cdn/shop/files/All_in_one_Size_Chart.png,Woman,,
Beige Backless Flared Maxi,Outzidr,REPLACE,Dresses,OZR-W-DRS-66,OZR-W-DRS-66-M,"Dresses, Outzidr",TRUE,Color,Beige,Size,M,shopify,989,1099,,https://outzidr.com/cdn/shop/files/56109326-1-1.jpg,4,https://outzidr.com/cdn/shop/files/3_9ccbb2f7-4d21-494b-9628-c26e807c6b40.jpg,active,2,https://outzidr.com/cdn/shop/files/All_in_one_Size_Chart.png,Woman,,
Beige Backless Flared Maxi,Outzidr,REPLACE,Dresses,OZR-W-DRS-66,OZR-W-DRS-66-L,"Dresses, Outzidr",TRUE,Color,Beige,Size,L,shopify,989,1099,,,5,https://outzidr.com/cdn/shop/files/3_9ccbb2f7-4d21-494b-9628-c26e807c6b40.jpg,active,0,https://outzidr.com/cdn/shop/files/All_in_one_Size_Chart.png,Woman,,
Black Flat Wrap Cut Out Top,Outzidr,REPLACE,Tops,OZR-W-TOP-67,OZR-W-TOP-67-FS,"Tops, Outzidr",TRUE,Color,Black,Size,FREE SIZE,shopify,674,749,,https://outzidr.com/cdn/shop/files/a0e6b9780f45184b177074cbf36cb393.jpg,1,https://outzidr.com/cdn/shop/files/a0e6b9780f45184b177074cbf36cb393.jpgs,active,2,https://outzidr.com/cdn/shop/files/Top_Wear_Size_Chat.png,Woman,,
Black Flat Wrap Cut Out Top,Outzidr,REPLACE,Tops,OZR-W-TOP-67,,"Tops, Outzidr",TRUE,,,,,shopify,,,,https://outzidr.com/cdn/shop/files/13cc0783f5c162491c6c3a32efd6e3ce.jpg,2,,active,,https://outzidr.com/cdn/shop/files/Top_Wear_Size_Chat.png,Woman,,
Black Full Sleeve Plunging Neck Mesh Top,Outzidr,REPLACE,Tops,OZR-W-TOP-68,OZR-W-TOP-68-S,"Tops, Outzidr",TRUE,Color,Black,Size,S,shopify,989,1099,,https://outzidr.com/cdn/shop/files/ede50552bb22aa3eb5f2932fbe753612.jpg,1,https://outzidr.com/cdn/shop/files/ede50552bb22aa3eb5f2932fbe753612.jpg,active,0,https://outzidr.com/cdn/shop/files/Top_Wear_Size_Chat.png,Woman,,
Black Full Sleeve Plunging Neck Mesh Top,Outzidr,REPLACE,Tops,OZR-W-TOP-68,OZR-W-TOP-68-M,"Tops, Outzidr",TRUE,Color,Black,Size,M,shopify,989,1099,,https://outzidr.com/cdn/shop/files/1f05418441cf0c14e2ac86896d49e776.jpg,2,https://outzidr.com/cdn/shop/files/ede50552bb22aa3eb5f2932fbe753612.jpg,active,2,https://outzidr.com/cdn/shop/files/Top_Wear_Size_Chat.png,Woman,,
Black Full Sleeve Plunging Neck Mesh Top,Outzidr,REPLACE,Tops,OZR-W-TOP-68,OZR-W-TOP-68-L,"Tops, Outzidr",TRUE,Color,Black,Size,L,shopify,989,1099,,https://outzidr.com/cdn/shop/files/41c01bcc092e5a666c104402c6b544d8_e609f5a0-69d2-455d-9cc3-987844737d19.png,3,https://outzidr.com/cdn/shop/files/ede50552bb22aa3eb5f2932fbe753612.jpg,active,2,https://outzidr.com/cdn/shop/files/Top_Wear_Size_Chat.png,Woman,,
Black Fuzzy Hearts Cardigan,Outzidr,REPLACE,Sweaters & Cardigans,OZR-W-SCN-69,OZR-W-SCN-69-XS,"Sweaters & Cardigans, Outzidr",TRUE,Color,Black,Size,XS,shopify,971,1079,,https://outzidr.com/cdn/shop/files/a9f11a142d03e63ec37db5da2870cbe3.png,1,https://outzidr.com/cdn/shop/files/a9f11a142d03e63ec37db5da2870cbe3.png,active,2,https://outzidr.com/cdn/shop/files/Top_Wear_Size_Chat.png,Woman,,
Black Fuzzy Hearts Cardigan,Outzidr,REPLACE,Sweaters & Cardigans,OZR-W-SCN-69,OZR-W-SCN-69-S,"Sweaters & Cardigans, Outzidr",TRUE,Color,Black,Size,S,shopify,971,1079,,https://outzidr.com/cdn/shop/files/776fe5a9af7f6c7d6f2a3ff0edc50eea.png,2,https://outzidr.com/cdn/shop/files/a9f11a142d03e63ec37db5da2870cbe3.png,active,2,https://outzidr.com/cdn/shop/files/Top_Wear_Size_Chat.png,Woman,,
Black Fuzzy Hearts Cardigan,Outzidr,REPLACE,Sweaters & Cardigans,OZR-W-SCN-69,OZR-W-SCN-69-M,"Sweaters & Cardigans, Outzidr",TRUE,Color,Black,Size,M,shopify,971,1079,,https://outzidr.com/cdn/shop/files/a420f9a99342952b1de6ec1d107d257a.png,3,https://outzidr.com/cdn/shop/files/a9f11a142d03e63ec37db5da2870cbe3.png,active,2,https://outzidr.com/cdn/shop/files/Top_Wear_Size_Chat.png,Woman,,
Black Fuzzy Hearts Cardigan,Outzidr,REPLACE,Sweaters & Cardigans,OZR-W-SCN-69,OZR-W-SCN-69-L,"Sweaters & Cardigans, Outzidr",TRUE,Color,Black,Size,L,shopify,971,1079,,https://outzidr.com/cdn/shop/files/bfdb35704584bca938ea50f9dc6fbb2f.png,4,https://outzidr.com/cdn/shop/files/a9f11a142d03e63ec37db5da2870cbe3.png,active,2,https://outzidr.com/cdn/shop/files/Top_Wear_Size_Chat.png,Woman,,
Black Fuzzy Hearts Cardigan,Outzidr,REPLACE,Sweaters & Cardigans,OZR-W-SCN-69,OZR-W-SCN-69-XL,"Sweaters & Cardigans, Outzidr",TRUE,Color,Black,Size,XL,shopify,971,1079,,https://outzidr.com/cdn/shop/files/54be64ff903dc5e46cd8a90a36279e90.png,5,https://outzidr.com/cdn/shop/files/a9f11a142d03e63ec37db5da2870cbe3.png,active,1,https://outzidr.com/cdn/shop/files/Top_Wear_Size_Chat.png,Woman,,
Black Fuzzy Hearts Cardigan,Outzidr,REPLACE,Sweaters & Cardigans,OZR-W-SCN-69,,"Sweaters & Cardigans, Outzidr",TRUE,,,,,shopify,,,,https://outzidr.com/cdn/shop/files/8b9wsdsf9fb1bd116596965efde0a1bd4629.png,6,,active,,https://outzidr.com/cdn/shop/files/Top_Wear_Size_Chat.png,Woman,,
Black Fuzzy Hearts Cardigan,Outzidr,REPLACE,Sweaters & Cardigans,OZR-W-SCN-69,,"Sweaters & Cardigans, Outzidr",TRUE,,,,,shopify,,,,https://outzidr.com/cdn/shop/files/e101e7eb9bb4bfb81ce139ee7f43ccdd.png,7,,active,,https://outzidr.com/cdn/shop/files/Top_Wear_Size_Chat.png,Woman,,
Black Halter Neck Fitted Top,Outzidr,REPLACE,Tops,OZR-W-TOP-70,OZR-W-TOP-70-S,"Tops, Outzidr",TRUE,Color,Black,Size,S,shopify,854,949,,https://outzidr.com/cdn/shop/files/38422cef144f9bbe05f8d751bce7bd63.jpg,1,https://outzidr.com/cdn/shop/files/38422cef144f9bbe05f8d751bce7bd63.jpg,active,1,https://outzidr.com/cdn/shop/files/Top_Wear_Size_Chat.png,Woman,,
Black Halter Neck Fitted Top,Outzidr,REPLACE,Tops,OZR-W-TOP-70,OZR-W-TOP-70-M,"Tops, Outzidr",TRUE,Color,Black,Size,M,shopify,854,949,,https://outzidr.com/cdn/shop/files/067e688a40ac5424140f16095ede6d33.jpg,2,https://outzidr.com/cdn/shop/files/38422cef144f9bbe05f8d751bce7bd63.jpg,active,2,https://outzidr.com/cdn/shop/files/Top_Wear_Size_Chat.png,Woman,,
Black Halter Neck Fitted Top,Outzidr,REPLACE,Tops,OZR-W-TOP-70,OZR-W-TOP-70-L,"Tops, Outzidr",TRUE,Color,Black,Size,L,shopify,854,949,,https://outzidr.com/cdn/shop/files/41c01bcc092e5a666c104402c6b544d8_582ba5ef-7f3d-4cc9-b2e0-8b2b4f4e69f9.png,3,https://outzidr.com/cdn/shop/files/38422cef144f9bbe05f8d751bce7bd63.jpg,active,2,https://outzidr.com/cdn/shop/files/Top_Wear_Size_Chat.png,Woman,,
Black Sqaure Neck Ruched Dress,Outzidr,REPLACE,Dresses,OZR-W-DRS-71,OZR-W-DRS-71-XS,"Dresses, Outzidr",TRUE,Color,Black,Size,XS,shopify,674,749,,https://outzidr.com/cdn/shop/files/66c7acdb017a0b4885854253d67dbe78.png,1,https://outzidr.com/cdn/shop/files/66c7acdb017a0b4885854253d67dbe78.png,active,0,https://outzidr.com/cdn/shop/files/All_in_one_Size_Chart.png,Woman,,
Black Sqaure Neck Ruched Dress,Outzidr,REPLACE,Dresses,OZR-W-DRS-71,OZR-W-DRS-71-S,"Dresses, Outzidr",TRUE,Color,Black,Size,S,shopify,674,749,,https://outzidr.com/cdn/shop/files/2526764de9d842cd65563cf2bda61f3b.png,2,https://outzidr.com/cdn/shop/files/66c7acdb017a0b4885854253d67dbe78.png,active,0,https://outzidr.com/cdn/shop/files/All_in_one_Size_Chart.png,Woman,,
Black Sqaure Neck Ruched Dress,Outzidr,REPLACE,Dresses,OZR-W-DRS-71,OZR-W-DRS-71-M,"Dresses, Outzidr",TRUE,Color,Black,Size,M,shopify,674,749,,https://outzidr.com/cdn/shop/files/c03b4883b0f107f181b7e8f24449298b.png,3,https://outzidr.com/cdn/shop/files/66c7acdb017a0b4885854253d67dbe78.png,active,1,https://outzidr.com/cdn/shop/files/All_in_one_Size_Chart.png,Woman,,
Black Sqaure Neck Ruched Dress,Outzidr,REPLACE,Dresses,OZR-W-DRS-71,OZR-W-DRS-71-L,"Dresses, Outzidr",TRUE,Color,Black,Size,L,shopify,674,749,,https://outzidr.com/cdn/shop/files/863c1ce2cb06eacb4889c61ab349e2f0.png,4,https://outzidr.com/cdn/shop/files/66c7acdb017a0b4885854253d67dbe78.png,active,2,https://outzidr.com/cdn/shop/files/All_in_one_Size_Chart.png,Woman,,
Black Strappy Square Neck Bodycon Dress,Outzidr,REPLACE,Dresses,OZR-W-DRS-72,OZR-W-DRS-72-XS,"Dresses, Outzidr",TRUE,Color,Black,Size,XS,shopify,539,599,,https://outzidr.com/cdn/shop/files/WMDA0011301251003-5231.jpg,1,https://outzidr.com/cdn/shop/files/WMDA0011301251003-5231.jpg,active,2,https://outzidr.com/cdn/shop/files/All_in_one_Size_Chart.png,Woman,,
Black Strappy Square Neck Bodycon Dress,Outzidr,REPLACE,Dresses,OZR-W-DRS-72,OZR-W-DRS-72-S,"Dresses, Outzidr",TRUE,Color,Black,Size,S,shopify,539,599,,https://outzidr.com/cdn/shop/files/WMDA0011301251003-5225.jpg,2,https://outzidr.com/cdn/shop/files/WMDA0011301251003-5231.jpg,active,2,https://outzidr.com/cdn/shop/files/All_in_one_Size_Chart.png,Woman,,
Black Strappy Square Neck Bodycon Dress,Outzidr,REPLACE,Dresses,OZR-W-DRS-72,OZR-W-DRS-72-M,"Dresses, Outzidr",TRUE,Color,Black,Size,M,shopify,539,599,,https://outzidr.com/cdn/shop/files/WMDA0011301251003-5248.jpg,3,https://outzidr.com/cdn/shop/files/WMDA0011301251003-5231.jpg,active,2,https://outzidr.com/cdn/shop/files/All_in_one_Size_Chart.png,Woman,,
Black Strappy Square Neck Bodycon Dress,Outzidr,REPLACE,Dresses,OZR-W-DRS-72,OZR-W-DRS-72-L,"Dresses, Outzidr",TRUE,Color,Black,Size,L,shopify,539,599,,https://outzidr.com/cdn/shop/files/WMDA0011301251003-5230.jpg,4,https://outzidr.com/cdn/shop/files/WMDA0011301251003-5231.jpg,active,0,https://outzidr.com/cdn/shop/files/All_in_one_Size_Chart.png,Woman,,
Black Strappy Square Neck Bodycon Dress,Outzidr,REPLACE,Dresses,OZR-W-DRS-72,OZR-W-DRS-72-XL,"Dresses, Outzidr",TRUE,Color,Black,Size,XL,shopify,539,599,,https://outzidr.com/cdn/shop/files/WMDA0011301251003-5235.jpg,5,https://outzidr.com/cdn/shop/files/WMDA0011301251003-5231.jpg,active,0,https://outzidr.com/cdn/shop/files/All_in_one_Size_Chart.png,Woman,,
Black Strappy Square Neck Bodycon Dress,Outzidr,REPLACE,Dresses,OZR-W-DRS-72,,"Dresses, Outzidr",TRUE,,,,,shopify,,,,https://outzidr.com/cdn/shop/files/WMDA0011301251003-5236.jpg,6,,active,,https://outzidr.com/cdn/shop/files/All_in_one_Size_Chart.png,Woman,,
Blue Puff Sleeved Schiffli Top,Outzidr,REPLACE,Tops,OZR-W-TOP-73,OZR-W-TOP-73-S,"Tops, Outzidr",TRUE,Color,Blue,Size,S,shopify,1067,1199,,https://outzidr.com/cdn/shop/files/97d929ec7b5993f6a5ee567f915e62c1.jpg,1,https://outzidr.com/cdn/shop/files/97d929ec7b5993f6a5ee567f915e62c1.jpg,active,2,https://outzidr.com/cdn/shop/files/Top_Wear_Size_Chat.png,Woman,,
Blue Puff Sleeved Schiffli Top,Outzidr,REPLACE,Tops,OZR-W-TOP-73,OZR-W-TOP-73-M,"Tops, Outzidr",TRUE,Color,Blue,Size,M,shopify,1067,1199,,https://outzidr.com/cdn/shop/files/5293c9a03fe89cb0cc783b813cd8d023.jpg,2,https://outzidr.com/cdn/shop/files/97d929ec7b5993f6a5ee567f915e62c1.jpg,active,2,https://outzidr.com/cdn/shop/files/Top_Wear_Size_Chat.png,Woman,,
Blue Puff Sleeved Schiffli Top,Outzidr,REPLACE,Tops,OZR-W-TOP-73,OZR-W-TOP-73-L,"Tops, Outzidr",TRUE,Color,Blue,Size,L,shopify,1067,1199,,https://outzidr.com/cdn/shop/files/41c01bcc092e5a666c104402c6b544d8_bf665ffd-5c20-4a56-9369-47618d3b1f59.png,3,https://outzidr.com/cdn/shop/files/97d929ec7b5993f6a5ee567f915e62c1.jpg,active,2,https://outzidr.com/cdn/shop/files/Top_Wear_Size_Chat.png,Woman,,
Blue Puff Sleeved Schiffli Top,Outzidr,REPLACE,Tops,OZR-W-TOP-73,OZR-W-TOP-73-XL,"Tops, Outzidr",TRUE,Color,Blue,Size,XL,shopify,1067,1199,,https://outzidr.com/cdn/shop/files/863a21bcf742f119781c9cfe27e5eee1.jpg,4,https://outzidr.com/cdn/shop/files/97d929ec7b5993f6a5ee567f915e62c1.jpg,active,1,https://outzidr.com/cdn/shop/files/Top_Wear_Size_Chat.png,Woman,,
Blue Puff Sleeved Schiffli Top,Outzidr,REPLACE,Tops,OZR-W-TOP-73,,"Tops, Outzidr",TRUE,,,,,shopify,,,,https://outzidr.com/cdn/shop/files/bf8ac6085c81f93c57a71a0d505a12dd.jpg,5,,active,,https://outzidr.com/cdn/shop/files/Top_Wear_Size_Chat.png,Woman,,
Blue Puff Sleeved Schiffli Top,Outzidr,REPLACE,Tops,OZR-W-TOP-73,,"Tops, Outzidr",TRUE,,,,,shopify,,,,https://outzidr.com/cdn/shop/files/f6e0c5c76446103d520189be0f9323ac.jpg,6,,active,,https://outzidr.com/cdn/shop/files/Top_Wear_Size_Chat.png,Woman,,
Blue Satin Tie Up Dress,Outzidr,REPLACE,Dresses,OZR-W-DRS-74,OZR-W-DRS-74-S,"Dresses, Outzidr",TRUE,Color,Blue,Size,S,shopify,1394,1549,,https://outzidr.com/cdn/shop/files/5e6f160d59e17c1cf7a904a8e33cd9bf.jpg,1,https://outzidr.com/cdn/shop/files/5e6f160d59e17c1cf7a904a8e33cd9bf.jpg,active,0,https://outzidr.com/cdn/shop/files/All_in_one_Size_Chart.png,Woman,,
Blue Satin Tie Up Dress,Outzidr,REPLACE,Dresses,OZR-W-DRS-74,OZR-W-DRS-74-M,"Dresses, Outzidr",TRUE,Color,Blue,Size,M,shopify,1394,1549,,https://outzidr.com/cdn/shop/files/2c8adaf712ac527ae650575055eae813.jpg,2,https://outzidr.com/cdn/shop/files/5e6f160d59e17c1cf7a904a8e33cd9bf.jpg,active,0,https://outzidr.com/cdn/shop/files/All_in_one_Size_Chart.png,Woman,,
Blue Satin Tie Up Dress,Outzidr,REPLACE,Dresses,OZR-W-DRS-74,OZR-W-DRS-74-L,"Dresses, Outzidr",TRUE,Color,Blue,Size,L,shopify,1394,1549,,https://outzidr.com/cdn/shop/files/41c01bcc092e5a666c104402c6b544d8_1bcdf50c-908d-4887-a229-84bd380429b9.png,3,https://outzidr.com/cdn/shop/files/5e6f160d59e17c1cf7a904a8e33cd9bf.jpg,active,2,https://outzidr.com/cdn/shop/files/All_in_one_Size_Chart.png,Woman,,
Blue Satin Tie Up Dress,Outzidr,REPLACE,Dresses,OZR-W-DRS-74,,"Dresses, Outzidr",TRUE,,,,,shopify,,,,https://outzidr.com/cdn/shop/files/88fceb2f8f84f0ea6b2876c35d52c4ed.jpg,4,,active,,https://outzidr.com/cdn/shop/files/All_in_one_Size_Chart.png,Woman,,
Blue Satin Tie Up Dress,Outzidr,REPLACE,Dresses,OZR-W-DRS-74,,"Dresses, Outzidr",TRUE,,,,,shopify,,,,https://outzidr.com/cdn/shop/files/3bd92c45113cdf02e8a5745761c69b47.jpg,5,,active,,https://outzidr.com/cdn/shop/files/All_in_one_Size_Chart.png,Woman,,
Blue Square Neck Flat Knit Tank,Outzidr,REPLACE,Tops,OZR-W-TOP-75,OZR-W-TOP-75-XS,"Tops, Outzidr",TRUE,Color,Blue,Size,XS,shopify,526,584,,https://outzidr.com/cdn/shop/files/1_a5da40ae-7fa9-4e45-9182-e026b147dca5.jpg,1,https://outzidr.com/cdn/shop/files/1_a5da40ae-7fa9-4e45-9182-e026b147dca5.jpg,active,0,https://outzidr.com/cdn/shop/files/Top_Wear_Size_Chat.png,Woman,,
Blue Square Neck Flat Knit Tank,Outzidr,REPLACE,Tops,OZR-W-TOP-75,OZR-W-TOP-75-S,"Tops, Outzidr",TRUE,Color,Blue,Size,S,shopify,526,584,,https://outzidr.com/cdn/shop/files/2_26018d2f-838b-4e46-974f-7a3e3ab77342.jpg,2,https://outzidr.com/cdn/shop/files/1_a5da40ae-7fa9-4e45-9182-e026b147dca5.jpg,active,2,https://outzidr.com/cdn/shop/files/Top_Wear_Size_Chat.png,Woman,,
Blue Square Neck Flat Knit Tank,Outzidr,REPLACE,Tops,OZR-W-TOP-75,OZR-W-TOP-75-M,"Tops, Outzidr",TRUE,Color,Blue,Size,M,shopify,526,584,,https://outzidr.com/cdn/shop/files/3_7ae0cf9a-74d6-4464-be8c-f06a3f9cc2cc.jpg,3,https://outzidr.com/cdn/shop/files/1_a5da40ae-7fa9-4e45-9182-e026b147dca5.jpg,active,2,https://outzidr.com/cdn/shop/files/Top_Wear_Size_Chat.png,Woman,,
Blue Square Neck Flat Knit Tank,Outzidr,REPLACE,Tops,OZR-W-TOP-75,OZR-W-TOP-75-L,"Tops, Outzidr",TRUE,Color,Blue,Size,L,shopify,526,584,,https://outzidr.com/cdn/shop/files/4_dcea1d18-e798-47fd-8425-8089b4709179.jpg,4,https://outzidr.com/cdn/shop/files/1_a5da40ae-7fa9-4e45-9182-e026b147dca5.jpg,active,2,https://outzidr.com/cdn/shop/files/Top_Wear_Size_Chat.png,Woman,,
Blue Square Neck Flat Knit Tank,Outzidr,REPLACE,Tops,OZR-W-TOP-75,OZR-W-TOP-75-XL,"Tops, Outzidr",TRUE,Color,Blue,Size,XL,shopify,526,584,,https://outzidr.com/cdn/shop/files/5_6d26ad94-81b8-4765-b033-797c468e5660.jpg,5,https://outzidr.com/cdn/shop/files/1_a5da40ae-7fa9-4e45-9182-e026b147dca5.jpg,active,1,https://outzidr.com/cdn/shop/files/Top_Wear_Size_Chat.png,Woman,,
Brown Striped Rib Tank Top With Ruffle Straps,Outzidr,REPLACE,Bodysuits,OZR-W-BOS-76,OZR-W-BOS-76-XS,"Bodysuits, Outzidr",TRUE,Color,Brown,Size,XS,shopify,470,522,,https://outzidr.com/cdn/shop/files/bceda80006666ff4730ea02f23bec548.jpg,1,https://outzidr.com/cdn/shop/files/bceda80006666ff4730ea02f23bec548.jpg,active,0,https://outzidr.com/cdn/shop/files/Top_Wear_Size_Chat.png,Woman,,
Brown Striped Rib Tank Top With Ruffle Straps,Outzidr,REPLACE,Bodysuits,OZR-W-BOS-76,OZR-W-BOS-76-S,"Bodysuits, Outzidr",TRUE,Color,Brown,Size,S,shopify,470,522,,https://outzidr.com/cdn/shop/files/b28c23a97174f88d335100b64c7c0a14.jpg,2,https://outzidr.com/cdn/shop/files/bceda80006666ff4730ea02f23bec548.jpg,active,1,https://outzidr.com/cdn/shop/files/Top_Wear_Size_Chat.png,Woman,,
Brown Striped Rib Tank Top With Ruffle Straps,Outzidr,REPLACE,Bodysuits,OZR-W-BOS-76,OZR-W-BOS-76-M,"Bodysuits, Outzidr",TRUE,Color,Brown,Size,M,shopify,470,522,,https://outzidr.com/cdn/shop/files/692c8d5215ae4dce1e18e9345f0f1109.jpg,3,https://outzidr.com/cdn/shop/files/bceda80006666ff4730ea02f23bec548.jpg,active,2,https://outzidr.com/cdn/shop/files/Top_Wear_Size_Chat.png,Woman,,
Brown Striped Rib Tank Top With Ruffle Straps,Outzidr,REPLACE,Bodysuits,OZR-W-BOS-76,OZR-W-BOS-76-L,"Bodysuits, Outzidr",TRUE,Color,Brown,Size,L,shopify,470,522,,https://outzidr.com/cdn/shop/files/5b99e955f0bc31a1c48e18373260a787.jpg,4,https://outzidr.com/cdn/shop/files/bceda80006666ff4730ea02f23bec548.jpg,active,0,https://outzidr.com/cdn/shop/files/Top_Wear_Size_Chat.png,Woman,,
Brown Striped Rib Tank Top With Ruffle Straps,Outzidr,REPLACE,Bodysuits,OZR-W-BOS-76,OZR-W-BOS-76-XL,"Bodysuits, Outzidr",TRUE,Color,Brown,Size,XL,shopify,470,522,,https://outzidr.com/cdn/shop/files/ff94af57c7d444157c6c45ecaa5d5627.jpg,5,https://outzidr.com/cdn/shop/files/bceda80006666ff4730ea02f23bec548.jpg,active,1,https://outzidr.com/cdn/shop/files/Top_Wear_Size_Chat.png,Woman,,
Brown Striped Rib Tank Top With Ruffle Straps,Outzidr,REPLACE,Bodysuits,OZR-W-BOS-76,,"Bodysuits, Outzidr",TRUE,,,,,shopify,,,,https://outzidr.com/cdn/shop/files/e28161efb533ce3c30f1754b36e84fa2.jpg,6,,active,,https://outzidr.com/cdn/shop/files/Top_Wear_Size_Chat.png,Woman,,
Mandarin Fitted Dress,Outzidr,REPLACE,Dresses,OZR-W-DRS-77,OZR-W-DRS-77-XS,"Dresses, Outzidr",TRUE,Color,Black,Size,XS,shopify,1709,1899,,https://outzidr.com/cdn/shop/files/56429925-1-1.jpg,1,https://outzidr.com/cdn/shop/files/56429925-1-1.jpg,active,1,https://outzidr.com/cdn/shop/files/All_in_one_Size_Chart.png,Woman,,
Mandarin Fitted Dress,Outzidr,REPLACE,Dresses,OZR-W-DRS-77,OZR-W-DRS-77-S,"Dresses, Outzidr",TRUE,Color,Black,Size,S,shopify,1709,1899,,https://outzidr.com/cdn/shop/files/7a20a439d91d4ec53dc852cb78b344f9.jpg,2,https://outzidr.com/cdn/shop/files/56429925-1-1.jpg,active,0,https://outzidr.com/cdn/shop/files/All_in_one_Size_Chart.png,Woman,,
Mandarin Fitted Dress,Outzidr,REPLACE,Dresses,OZR-W-DRS-77,OZR-W-DRS-77-M,"Dresses, Outzidr",TRUE,Color,Black,Size,M,shopify,1709,1899,,https://outzidr.com/cdn/shop/files/9ac1d7bd0182d8a543206994a3bfef8d_b09eb2bd-716e-4e0f-8cdf-03316b7976d0.png,3,https://outzidr.com/cdn/shop/files/56429925-1-1.jpg,active,2,https://outzidr.com/cdn/shop/files/All_in_one_Size_Chart.png,Woman,,
Mandarin Fitted Dress,Outzidr,REPLACE,Dresses,OZR-W-DRS-77,OZR-W-DRS-77-L,"Dresses, Outzidr",TRUE,Color,Black,Size,L,shopify,1709,1899,,https://outzidr.com/cdn/shop/files/56430038-1-1.jpg,4,https://outzidr.com/cdn/shop/files/56429925-1-1.jpg,active,0,https://outzidr.com/cdn/shop/files/All_in_one_Size_Chart.png,Woman,,
Maroon Textured Knit Halter Neck Tank Top,Outzidr,REPLACE,Tops,OZR-W-TOP-78,OZR-W-TOP-78-XS,"Tops, Outzidr",TRUE,Color,Red,Size,XS,shopify,395,439,,https://outzidr.com/cdn/shop/files/590a8b1f7f1eadc553104877e0790afe.jpg,1,https://outzidr.com/cdn/shop/files/590a8b1f7f1eadc553104877e0790afe.jpg,active,0,https://outzidr.com/cdn/shop/files/Top_Wear_Size_Chat.png,Woman,,
Maroon Textured Knit Halter Neck Tank Top,Outzidr,REPLACE,Tops,OZR-W-TOP-78,OZR-W-TOP-78-S,"Tops, Outzidr",TRUE,Color,Red,Size,S,shopify,395,439,,https://outzidr.com/cdn/shop/files/999e30454f23815d2297bd0b4079eb86.jpg,2,https://outzidr.com/cdn/shop/files/590a8b1f7f1eadc553104877e0790afe.jpg,active,2,https://outzidr.com/cdn/shop/files/Top_Wear_Size_Chat.png,Woman,,
Maroon Textured Knit Halter Neck Tank Top,Outzidr,REPLACE,Tops,OZR-W-TOP-78,OZR-W-TOP-78-M,"Tops, Outzidr",TRUE,Color,Red,Size,M,shopify,395,439,,https://outzidr.com/cdn/shop/files/83be29e738faafe9722c9006b884d1c9.jpg,3,https://outzidr.com/cdn/shop/files/590a8b1f7f1eadc553104877e0790afe.jpg,active,2,https://outzidr.com/cdn/shop/files/Top_Wear_Size_Chat.png,Woman,,
Maroon Textured Knit Halter Neck Tank Top,Outzidr,REPLACE,Tops,OZR-W-TOP-78,OZR-W-TOP-78-L,"Tops, Outzidr",TRUE,Color,Red,Size,L,shopify,395,439,,https://outzidr.com/cdn/shop/files/a0d78fc75821ffcca1cb177577e688f5.jpg,4,https://outzidr.com/cdn/shop/files/590a8b1f7f1eadc553104877e0790afe.jpg,active,0,https://outzidr.com/cdn/shop/files/Top_Wear_Size_Chat.png,Woman,,
Maroon Textured Knit Halter Neck Tank Top,Outzidr,REPLACE,Tops,OZR-W-TOP-78,OZR-W-TOP-78-XL,"Tops, Outzidr",TRUE,Color,Red,Size,XL,shopify,395,439,,https://outzidr.com/cdn/shop/files/7f83d916cff3b9390e58fe9ebc718fd0.jpg,5,https://outzidr.com/cdn/shop/files/590a8b1f7f1eadc553104877e0790afe.jpg,active,1,https://outzidr.com/cdn/shop/files/Top_Wear_Size_Chat.png,Woman,,
Maroon Textured Knit Halter Neck Tank Top,Outzidr,REPLACE,Tops,OZR-W-TOP-78,,"Tops, Outzidr",TRUE,,,,,shopify,,,,https://outzidr.com/cdn/shop/files/95b1674940acb24695ea2f6a47ed838b.jpg,6,,active,,https://outzidr.com/cdn/shop/files/Top_Wear_Size_Chat.png,Woman,,
Midi Length Printed Dress with Flounce,Outzidr,REPLACE,Dresses,OZR-W-DRS-79,OZR-W-DRS-79-S,"Dresses, Outzidr",TRUE,Color,Orange,Size,S,shopify,1349,1499,,https://outzidr.com/cdn/shop/files/1_c68916ac-8fed-4e76-b179-e53cf0f344ca.jpg,1,https://outzidr.com/cdn/shop/files/1_c68916ac-8fed-4e76-b179-e53cf0f344ca.jpg,active,2,https://outzidr.com/cdn/shop/files/All_in_one_Size_Chart.png,Woman,,
Midi Length Printed Dress with Flounce,Outzidr,REPLACE,Dresses,OZR-W-DRS-79,OZR-W-DRS-79-M,"Dresses, Outzidr",TRUE,Color,Orange,Size,M,shopify,1349,1499,,https://outzidr.com/cdn/shop/files/2_6e83bf91-ee97-498f-97e7-2b1044f295a2.jpg,2,https://outzidr.com/cdn/shop/files/1_c68916ac-8fed-4e76-b179-e53cf0f344ca.jpg,active,2,https://outzidr.com/cdn/shop/files/All_in_one_Size_Chart.png,Woman,,
Midi Length Printed Dress with Flounce,Outzidr,REPLACE,Dresses,OZR-W-DRS-79,OZR-W-DRS-79-L,"Dresses, Outzidr",TRUE,Color,Orange,Size,L,shopify,1349,1499,,https://outzidr.com/cdn/shop/files/3_9ded6b38-3873-43a0-a5b5-fcab99ff11c2.jpg,3,https://outzidr.com/cdn/shop/files/1_c68916ac-8fed-4e76-b179-e53cf0f344ca.jpg,active,2,https://outzidr.com/cdn/shop/files/All_in_one_Size_Chart.png,Woman,,
Midi Length Printed Dress with Flounce,Outzidr,REPLACE,Dresses,OZR-W-DRS-79,OZR-W-DRS-79-XL,"Dresses, Outzidr",TRUE,Color,Orange,Size,XL,shopify,1349,1499,,https://outzidr.com/cdn/shop/files/4_ffa03678-84f7-4c4e-a234-3bb4b627799f.jpg,4,https://outzidr.com/cdn/shop/files/1_c68916ac-8fed-4e76-b179-e53cf0f344ca.jpg,active,0,https://outzidr.com/cdn/shop/files/All_in_one_Size_Chart.png,Woman,,
Midi Length Printed Dress with Flounce,Outzidr,REPLACE,Dresses,OZR-W-DRS-79,,"Dresses, Outzidr",TRUE,,,,,shopify,,,,https://outzidr.com/cdn/shop/files/5_444a811e-29f4-462f-966d-33282ca8b448.jpg,5,,active,,https://outzidr.com/cdn/shop/files/All_in_one_Size_Chart.png,Woman,,
Navy Blue Contrast Striped Wide Leg Sweatpants,Outzidr,REPLACE,Trousers & Pants,OZR-W-TPN-80,OZR-W-TPN-80-26,"Trousers & Pants, Outzidr",TRUE,Color,Blue,Size,26,shopify,809,899,,https://outzidr.com/cdn/shop/files/57d24a7ecb1ef60706a1532577553b55.png,1,https://outzidr.com/cdn/shop/files/57d24a7ecb1ef60706a1532577553b55.png,active,2,https://outzidr.com/cdn/shop/files/Bottom_Wear_SIze_Chart.png,Woman,,
Navy Blue Contrast Striped Wide Leg Sweatpants,Outzidr,REPLACE,Trousers & Pants,OZR-W-TPN-80,OZR-W-TPN-80-28,"Trousers & Pants, Outzidr",TRUE,Color,Blue,Size,28,shopify,809,899,,https://outzidr.com/cdn/shop/files/0d3de867ac8ee306481e87e702c2374a.png,2,https://outzidr.com/cdn/shop/files/57d24a7ecb1ef60706a1532577553b55.png,active,2,https://outzidr.com/cdn/shop/files/Bottom_Wear_SIze_Chart.png,Woman,,
Navy Blue Contrast Striped Wide Leg Sweatpants,Outzidr,REPLACE,Trousers & Pants,OZR-W-TPN-80,OZR-W-TPN-80-30,"Trousers & Pants, Outzidr",TRUE,Color,Blue,Size,30,shopify,809,899,,https://outzidr.com/cdn/shop/files/2e13bf741d850e86d506856e80a249ce.png,3,https://outzidr.com/cdn/shop/files/57d24a7ecb1ef60706a1532577553b55.png,active,2,https://outzidr.com/cdn/shop/files/Bottom_Wear_SIze_Chart.png,Woman,,
Navy Blue Contrast Striped Wide Leg Sweatpants,Outzidr,REPLACE,Trousers & Pants,OZR-W-TPN-80,OZR-W-TPN-80-32,"Trousers & Pants, Outzidr",TRUE,Color,Blue,Size,32,shopify,809,899,,https://outzidr.com/cdn/shop/files/ed03a22e13dcdf1b597fee222d37d340.png,4,https://outzidr.com/cdn/shop/files/57d24a7ecb1ef60706a1532577553b55.png,active,1,https://outzidr.com/cdn/shop/files/Bottom_Wear_SIze_Chart.png,Woman,,
Navy Blue Contrast Striped Wide Leg Sweatpants,Outzidr,REPLACE,Trousers & Pants,OZR-W-TPN-80,OZR-W-TPN-80-34,"Trousers & Pants, Outzidr",TRUE,Color,Blue,Size,34,shopify,809,899,,https://outzidr.com/cdn/shop/files/189a9c62220dee798b5e5acc6550a797.png,5,https://outzidr.com/cdn/shop/files/57d24a7ecb1ef60706a1532577553b55.png,active,1,https://outzidr.com/cdn/shop/files/Bottom_Wear_SIze_Chart.png,Woman,,
Navy Blue Contrast Striped Wide Leg Sweatpants,Outzidr,REPLACE,Trousers & Pants,OZR-W-TPN-80,,"Trousers & Pants, Outzidr",TRUE,,,,,shopify,,,,https://outzidr.com/cdn/shop/files/b578de3488082c9eababa3fd835f7523.png,6,,active,,https://outzidr.com/cdn/shop/files/Bottom_Wear_SIze_Chart.png,Woman,,
Olive Strappy Solid Skater Dress,Outzidr,REPLACE,Dresses,OZR-W-DRS-82,OZR-W-DRS-82-XS,"Dresses, Outzidr",TRUE,Color,Green,Size,XS,shopify,472,524,,https://outzidr.com/cdn/shop/files/b6cf09f3a2731796b0c81935927789c1.jpg,1,https://outzidr.com/cdn/shop/files/b6cf09f3a2731796b0c81935927789c1.jpg,active,0,https://outzidr.com/cdn/shop/files/All_in_one_Size_Chart.png,Woman,,
Olive Strappy Solid Skater Dress,Outzidr,REPLACE,Dresses,OZR-W-DRS-82,OZR-W-DRS-82-S,"Dresses, Outzidr",TRUE,Color,Green,Size,S,shopify,472,524,,https://outzidr.com/cdn/shop/files/8e49e9d37e51cf891cc2299c37b572e6.jpg,2,https://outzidr.com/cdn/shop/files/b6cf09f3a2731796b0c81935927789c1.jpg,active,0,https://outzidr.com/cdn/shop/files/All_in_one_Size_Chart.png,Woman,,
Olive Strappy Solid Skater Dress,Outzidr,REPLACE,Dresses,OZR-W-DRS-82,OZR-W-DRS-82-M,"Dresses, Outzidr",TRUE,Color,Green,Size,M,shopify,472,524,,https://outzidr.com/cdn/shop/files/80f824a0ddd73ce2ca4a066704aa07c6.jpg,3,https://outzidr.com/cdn/shop/files/b6cf09f3a2731796b0c81935927789c1.jpg,active,1,https://outzidr.com/cdn/shop/files/All_in_one_Size_Chart.png,Woman,,
Olive Strappy Solid Skater Dress,Outzidr,REPLACE,Dresses,OZR-W-DRS-82,OZR-W-DRS-82-L,"Dresses, Outzidr",TRUE,Color,Green,Size,L,shopify,472,524,,https://outzidr.com/cdn/shop/files/8807d6cc3c35026d8e395c13dc48d4fd.jpg,4,https://outzidr.com/cdn/shop/files/b6cf09f3a2731796b0c81935927789c1.jpg,active,1,https://outzidr.com/cdn/shop/files/All_in_one_Size_Chart.png,Woman,,
Olive Strappy Solid Skater Dress,Outzidr,REPLACE,Dresses,OZR-W-DRS-82,,"Dresses, Outzidr",TRUE,,,,,shopify,,,,https://outzidr.com/cdn/shop/files/d7f6338498f14a96062c631ce64cf0ff.jpg,5,,active,,https://outzidr.com/cdn/shop/files/All_in_one_Size_Chart.png,Woman,,
Olive Strappy Solid Skater Dress,Outzidr,REPLACE,Dresses,OZR-W-DRS-82,,"Dresses, Outzidr",TRUE,,,,,shopify,,,,https://outzidr.com/cdn/shop/files/4afc3f73a1cd36ecf7ce8e28e08b5d1a.jpg,6,,active,,https://outzidr.com/cdn/shop/files/All_in_one_Size_Chart.png,Woman,,
Olive Tie Up Straps Fit & Flare Dress,Outzidr,REPLACE,Dresses,OZR-W-DRS-83,OZR-W-DRS-83-XS,"Dresses, Outzidr",TRUE,Color,Green,Size,XS,shopify,607,674,,https://outzidr.com/cdn/shop/files/055a49ec2d1e639bcc5733b403d0f74c.jpg,1,https://outzidr.com/cdn/shop/files/055a49ec2d1e639bcc5733b403d0f74c.jpg,active,0,https://outzidr.com/cdn/shop/files/All_in_one_Size_Chart.png,Woman,,
Olive Tie Up Straps Fit & Flare Dress,Outzidr,REPLACE,Dresses,OZR-W-DRS-83,OZR-W-DRS-83-S,"Dresses, Outzidr",TRUE,Color,Green,Size,S,shopify,607,674,,https://outzidr.com/cdn/shop/files/10649917cb79e4d7f94f5ec0ba22603c.jpg,2,https://outzidr.com/cdn/shop/files/055a49ec2d1e639bcc5733b403d0f74c.jpg,active,0,https://outzidr.com/cdn/shop/files/All_in_one_Size_Chart.png,Woman,,
Olive Tie Up Straps Fit & Flare Dress,Outzidr,REPLACE,Dresses,OZR-W-DRS-83,OZR-W-DRS-83-M,"Dresses, Outzidr",TRUE,Color,Green,Size,M,shopify,607,674,,https://outzidr.com/cdn/shop/files/ed7c3db0c3d4aa20dd255e21f6537ac9.jpg,3,https://outzidr.com/cdn/shop/files/055a49ec2d1e639bcc5733b403d0f74c.jpg,active,1,https://outzidr.com/cdn/shop/files/All_in_one_Size_Chart.png,Woman,,
Olive Tie Up Straps Fit & Flare Dress,Outzidr,REPLACE,Dresses,OZR-W-DRS-83,OZR-W-DRS-83-L,"Dresses, Outzidr",TRUE,Color,Green,Size,L,shopify,607,674,,https://outzidr.com/cdn/shop/files/aba652adb1e8a69134d5d9f068e46644.jpg,4,https://outzidr.com/cdn/shop/files/055a49ec2d1e639bcc5733b403d0f74c.jpg,active,1,https://outzidr.com/cdn/shop/files/All_in_one_Size_Chart.png,Woman,,
Olive Tie Up Straps Fit & Flare Dress,Outzidr,REPLACE,Dresses,OZR-W-DRS-83,,"Dresses, Outzidr",TRUE,,,,,shopify,,,,https://outzidr.com/cdn/shop/files/6ff5e4827a09a5018636c353431db1ef.jpg,5,,active,,https://outzidr.com/cdn/shop/files/All_in_one_Size_Chart.png,Woman,,
Olive Tie Up Straps Fit & Flare Dress,Outzidr,REPLACE,Dresses,OZR-W-DRS-83,,"Dresses, Outzidr",TRUE,,,,,shopify,,,,https://outzidr.com/cdn/shop/files/a936c605acac41e21c141706fa02c7a9.jpg,6,,active,,https://outzidr.com/cdn/shop/files/All_in_one_Size_Chart.png,Woman,,
Orange Neck Tie Up One Shoulder Top,Outzidr,REPLACE,Tops,OZR-W-TOP-84,OZR-W-TOP-84-XS,"Tops, Outzidr",TRUE,Color,Red,Size,XS,shopify,667,749,,https://outzidr.com/cdn/shop/files/1500X2000_23.jpg,1,https://outzidr.com/cdn/shop/files/1500X2000_23.jpg,active,2,https://outzidr.com/cdn/shop/files/Top_Wear_Size_Chat.png,Woman,,
Orange Neck Tie Up One Shoulder Top,Outzidr,REPLACE,Tops,OZR-W-TOP-84,OZR-W-TOP-84-S,"Tops, Outzidr",TRUE,Color,Red,Size,S,shopify,667,749,,https://outzidr.com/cdn/shop/files/Task-57475625-1-1.jpg,2,https://outzidr.com/cdn/shop/files/1500X2000_23.jpg,active,2,https://outzidr.com/cdn/shop/files/Top_Wear_Size_Chat.png,Woman,,
Orange Neck Tie Up One Shoulder Top,Outzidr,REPLACE,Tops,OZR-W-TOP-84,OZR-W-TOP-84-M,"Tops, Outzidr",TRUE,Color,Red,Size,M,shopify,667,749,,https://outzidr.com/cdn/shop/files/Task-57475630-1-1.jpg,3,https://outzidr.com/cdn/shop/files/1500X2000_23.jpg,active,2,https://outzidr.com/cdn/shop/files/Top_Wear_Size_Chat.png,Woman,,
Orange Neck Tie Up One Shoulder Top,Outzidr,REPLACE,Tops,OZR-W-TOP-84,OZR-W-TOP-84-L,"Tops, Outzidr",TRUE,Color,Red,Size,L,shopify,667,749,,,4,https://outzidr.com/cdn/shop/files/1500X2000_23.jpg,active,2,https://outzidr.com/cdn/shop/files/Top_Wear_Size_Chat.png,Woman,,
Orange Neck Tie Up One Shoulder Top,Outzidr,REPLACE,Tops,OZR-W-TOP-84,OZR-W-TOP-84-XL,"Tops, Outzidr",TRUE,Color,Red,Size,XL,shopify,667,749,,,5,https://outzidr.com/cdn/shop/files/1500X2000_23.jpg,active,1,https://outzidr.com/cdn/shop/files/Top_Wear_Size_Chat.png,Woman,,
Pink Flat Wrap Cut Out Top,Outzidr,REPLACE,Tops,OZR-W-TOP-85,OZR-W-TOP-85-FS,"Tops, Outzidr",TRUE,Color,Pink,Size,FREE SIZE,shopify,674,749,,https://outzidr.com/cdn/shop/files/87770d92255c5d5af93c965c1e763107.jpg,1,https://outzidr.com/cdn/shop/files/87770d92255c5d5af93c965c1e763107.jpg,active,2,https://outzidr.com/cdn/shop/files/Top_Wear_Size_Chat.png,Woman,,
Pink Flat Wrap Cut Out Top,Outzidr,REPLACE,Tops,OZR-W-TOP-85,,"Tops, Outzidr",TRUE,,,,,shopify,,,,https://outzidr.com/cdn/shop/files/f2800b8ab18e7ac58eb363d991e64002.jpg,2,,active,,https://outzidr.com/cdn/shop/files/Top_Wear_Size_Chat.png,Woman,,
Pink Lace Tie Up Top,Outzidr,REPLACE,Tops,OZR-W-TOP-86,OZR-W-TOP-86-XS,"Tops, Outzidr",TRUE,Color,Pink,Size,XS,shopify,629,699,,https://outzidr.com/cdn/shop/files/WKTA0038102251803-2983.jpg,1,https://outzidr.com/cdn/shop/files/WKTA0038102251803-2983.jpg,active,0,https://outzidr.com/cdn/shop/files/Top_Wear_Size_Chat.png,Woman,,
Pink Lace Tie Up Top,Outzidr,REPLACE,Tops,OZR-W-TOP-86,OZR-W-TOP-86-S,"Tops, Outzidr",TRUE,Color,Pink,Size,S,shopify,629,699,,https://outzidr.com/cdn/shop/files/WKTA0038102251803-2971.jpg,2,https://outzidr.com/cdn/shop/files/WKTA0038102251803-2983.jpg,active,0,https://outzidr.com/cdn/shop/files/Top_Wear_Size_Chat.png,Woman,,
Pink Lace Tie Up Top,Outzidr,REPLACE,Tops,OZR-W-TOP-86,OZR-W-TOP-86-M,"Tops, Outzidr",TRUE,Color,Pink,Size,M,shopify,629,699,,https://outzidr.com/cdn/shop/files/WKTA0038102251803-2991.jpg,3,https://outzidr.com/cdn/shop/files/WKTA0038102251803-2983.jpg,active,1,https://outzidr.com/cdn/shop/files/Top_Wear_Size_Chat.png,Woman,,
Pink Lace Tie Up Top,Outzidr,REPLACE,Tops,OZR-W-TOP-86,OZR-W-TOP-86-L,"Tops, Outzidr",TRUE,Color,Pink,Size,L,shopify,629,699,,https://outzidr.com/cdn/shop/files/WKTA0038102251803-2965.jpg,4,https://outzidr.com/cdn/shop/files/WKTA0038102251803-2983.jpg,active,2,https://outzidr.com/cdn/shop/files/Top_Wear_Size_Chat.png,Woman,,
Pink Lace Tie Up Top,Outzidr,REPLACE,Tops,OZR-W-TOP-86,OZR-W-TOP-86-XL,"Tops, Outzidr",TRUE,Color,Pink,Size,XL,shopify,629,699,,https://outzidr.com/cdn/shop/files/WKTA0038102251803-2967.jpg,5,https://outzidr.com/cdn/shop/files/WKTA0038102251803-2983.jpg,active,1,https://outzidr.com/cdn/shop/files/Top_Wear_Size_Chat.png,Woman,,
Pink Lace Tie Up Top,Outzidr,REPLACE,Tops,OZR-W-TOP-86,,"Tops, Outzidr",TRUE,,,,,shopify,,,,https://outzidr.com/cdn/shop/files/WKTA0038102251803-2973.jpg,6,,active,,https://outzidr.com/cdn/shop/files/Top_Wear_Size_Chat.png,Woman,,
Pink Lace Tie Up Top,Outzidr,REPLACE,Tops,OZR-W-TOP-86,,"Tops, Outzidr",TRUE,,,,,shopify,,,,https://outzidr.com/cdn/shop/files/WKTA0038102251803-2979.jpg,7,,active,,https://outzidr.com/cdn/shop/files/Top_Wear_Size_Chat.png,Woman,,
Pink Striped Rib Tank Top With Ruffle Straps,Outzidr,REPLACE,Bodysuits,OZR-W-BOS-87,OZR-W-BOS-87-XS,"Bodysuits, Outzidr",TRUE,Color,Pink,Size,XS,shopify,470,522,,https://outzidr.com/cdn/shop/files/e165d22fa4b47e6faad15b6aa1af5986.jpg,1,https://outzidr.com/cdn/shop/files/e165d22fa4b47e6faad15b6aa1af5986.jpg,active,2,https://outzidr.com/cdn/shop/files/Top_Wear_Size_Chat.png,Woman,,
Pink Striped Rib Tank Top With Ruffle Straps,Outzidr,REPLACE,Bodysuits,OZR-W-BOS-87,OZR-W-BOS-87-S,"Bodysuits, Outzidr",TRUE,Color,Pink,Size,S,shopify,470,522,,https://outzidr.com/cdn/shop/files/0f689f2e4d445010376d7eb5cf7cc56f.jpg,2,https://outzidr.com/cdn/shop/files/e165d22fa4b47e6faad15b6aa1af5986.jpg,active,2,https://outzidr.com/cdn/shop/files/Top_Wear_Size_Chat.png,Woman,,
Pink Striped Rib Tank Top With Ruffle Straps,Outzidr,REPLACE,Bodysuits,OZR-W-BOS-87,OZR-W-BOS-87-M,"Bodysuits, Outzidr",TRUE,Color,Pink,Size,M,shopify,470,522,,https://outzidr.com/cdn/shop/files/d5ff59faf0a66a1a0d387269496d6307.jpg,3,https://outzidr.com/cdn/shop/files/e165d22fa4b47e6faad15b6aa1af5986.jpg,active,2,https://outzidr.com/cdn/shop/files/Top_Wear_Size_Chat.png,Woman,,
Pink Striped Rib Tank Top With Ruffle Straps,Outzidr,REPLACE,Bodysuits,OZR-W-BOS-87,OZR-W-BOS-87-L,"Bodysuits, Outzidr",TRUE,Color,Pink,Size,L,shopify,470,522,,https://outzidr.com/cdn/shop/files/830719192ad55cef4bf9f681cf627803.jpg,4,https://outzidr.com/cdn/shop/files/e165d22fa4b47e6faad15b6aa1af5986.jpg,active,2,https://outzidr.com/cdn/shop/files/Top_Wear_Size_Chat.png,Woman,,
Pink Striped Rib Tank Top With Ruffle Straps,Outzidr,REPLACE,Bodysuits,OZR-W-BOS-87,OZR-W-BOS-87-XL,"Bodysuits, Outzidr",TRUE,Color,Pink,Size,XL,shopify,470,522,,https://outzidr.com/cdn/shop/files/bba7cf14de7732f1f730c0243d8e3c17.jpg,5,https://outzidr.com/cdn/shop/files/e165d22fa4b47e6faad15b6aa1af5986.jpg,active,1,https://outzidr.com/cdn/shop/files/Top_Wear_Size_Chat.png,Woman,,
Red Crew Neck Graphic Tshirt,Outzidr,REPLACE,T-Shirts,OZR-W-TSH-88,OZR-W-TSH-88-XS,"T-Shirts, Outzidr",TRUE,Color,Red,Size,XS,shopify,323,359,,https://outzidr.com/cdn/shop/files/1_15fa8de0-2a37-4279-a1ca-affa50eb90c4.jpg,1,https://outzidr.com/cdn/shop/files/1_15fa8de0-2a37-4279-a1ca-affa50eb90c4.jpg,active,0,https://outzidr.com/cdn/shop/files/Top_Wear_Size_Chat.png,Woman,,
Red Crew Neck Graphic Tshirt,Outzidr,REPLACE,T-Shirts,OZR-W-TSH-88,OZR-W-TSH-88-S,"T-Shirts, Outzidr",TRUE,Color,Red,Size,S,shopify,323,359,,https://outzidr.com/cdn/shop/files/2_06483c66-e16c-40e4-8951-d184a4cd5799.jpg,2,https://outzidr.com/cdn/shop/files/1_15fa8de0-2a37-4279-a1ca-affa50eb90c4.jpg,active,2,https://outzidr.com/cdn/shop/files/Top_Wear_Size_Chat.png,Woman,,
Red Crew Neck Graphic Tshirt,Outzidr,REPLACE,T-Shirts,OZR-W-TSH-88,OZR-W-TSH-88-M,"T-Shirts, Outzidr",TRUE,Color,Red,Size,M,shopify,323,359,,https://outzidr.com/cdn/shop/files/3_1785bc5e-6fad-4748-93f8-b96a08dc97f1.jpg,3,https://outzidr.com/cdn/shop/files/1_15fa8de0-2a37-4279-a1ca-affa50eb90c4.jpg,active,1,https://outzidr.com/cdn/shop/files/Top_Wear_Size_Chat.png,Woman,,
Red Crew Neck Graphic Tshirt,Outzidr,REPLACE,T-Shirts,OZR-W-TSH-88,OZR-W-TSH-88-L,"T-Shirts, Outzidr",TRUE,Color,Red,Size,L,shopify,323,359,,https://outzidr.com/cdn/shop/files/4_2ce167ac-99bd-4981-95d2-42650cf0688b.jpg,4,https://outzidr.com/cdn/shop/files/1_15fa8de0-2a37-4279-a1ca-affa50eb90c4.jpg,active,2,https://outzidr.com/cdn/shop/files/Top_Wear_Size_Chat.png,Woman,,
Red Crew Neck Graphic Tshirt,Outzidr,REPLACE,T-Shirts,OZR-W-TSH-88,OZR-W-TSH-88-XL,"T-Shirts, Outzidr",TRUE,Color,Red,Size,XL,shopify,323,359,,,5,https://outzidr.com/cdn/shop/files/1_15fa8de0-2a37-4279-a1ca-affa50eb90c4.jpg,active,1,https://outzidr.com/cdn/shop/files/Top_Wear_Size_Chat.png,Woman,,
Ribbed V Neck Top,Outzidr,REPLACE,Tops,OZR-W-TOP-89,OZR-W-TOP-89-XS,"Tops, Outzidr",TRUE,Color,Green,Size,XS,shopify,1124,1249,,https://outzidr.com/cdn/shop/files/23530S-_3.jpg,1,https://outzidr.com/cdn/shop/files/23530S-_3.jpg,active,2,https://outzidr.com/cdn/shop/files/Top_Wear_Size_Chat.png,Woman,,
Ribbed V Neck Top,Outzidr,REPLACE,Tops,OZR-W-TOP-89,OZR-W-TOP-89-S,"Tops, Outzidr",TRUE,Color,Green,Size,S,shopify,1124,1249,,https://outzidr.com/cdn/shop/files/23530S-_5.jpg,2,https://outzidr.com/cdn/shop/files/23530S-_3.jpg,active,1,https://outzidr.com/cdn/shop/files/Top_Wear_Size_Chat.png,Woman,,
Ribbed V Neck Top,Outzidr,REPLACE,Tops,OZR-W-TOP-89,OZR-W-TOP-89-M,"Tops, Outzidr",TRUE,Color,Green,Size,M,shopify,1124,1249,,https://outzidr.com/cdn/shop/files/23530S-_1.jpg,3,https://outzidr.com/cdn/shop/files/23530S-_3.jpg,active,2,https://outzidr.com/cdn/shop/files/Top_Wear_Size_Chat.png,Woman,,
Ribbed V Neck Top,Outzidr,REPLACE,Tops,OZR-W-TOP-89,OZR-W-TOP-89-L,"Tops, Outzidr",TRUE,Color,Green,Size,L,shopify,1124,1249,,https://outzidr.com/cdn/shop/files/23530S-_2.jpg,4,https://outzidr.com/cdn/shop/files/23530S-_3.jpg,active,2,https://outzidr.com/cdn/shop/files/Top_Wear_Size_Chat.png,Woman,,
Ribbed V Neck Top,Outzidr,REPLACE,Tops,OZR-W-TOP-89,,"Tops, Outzidr",TRUE,,,,,shopify,,,,https://outzidr.com/cdn/shop/files/23530S-_4_253e95fa-49c7-43c4-bad4-831f78ebe132.jpg,5,,active,,https://outzidr.com/cdn/shop/files/Top_Wear_Size_Chat.png,Woman,,
White Abstract Print Mesh Fitted Top,Outzidr,REPLACE,Tops,OZR-W-TOP-90,OZR-W-TOP-90-S,"Tops, Outzidr",TRUE,Color,White,Size,S,shopify,809,899,,https://outzidr.com/cdn/shop/files/75ca6f4f805d18b40962e56c425b2658.jpg,1,https://outzidr.com/cdn/shop/files/75ca6f4f805d18b40962e56c425b2658.jpg,active,1,https://outzidr.com/cdn/shop/files/Top_Wear_Size_Chat.png,Woman,,
White Abstract Print Mesh Fitted Top,Outzidr,REPLACE,Tops,OZR-W-TOP-90,OZR-W-TOP-90-M,"Tops, Outzidr",TRUE,Color,White,Size,M,shopify,809,899,,https://outzidr.com/cdn/shop/files/6c6400ec6093d69b955ec8e682bc6795.jpg,2,https://outzidr.com/cdn/shop/files/75ca6f4f805d18b40962e56c425b2658.jpg,active,1,https://outzidr.com/cdn/shop/files/Top_Wear_Size_Chat.png,Woman,,
White Abstract Print Mesh Fitted Top,Outzidr,REPLACE,Tops,OZR-W-TOP-90,OZR-W-TOP-90-L,"Tops, Outzidr",TRUE,Color,White,Size,L,shopify,809,899,,https://outzidr.com/cdn/shop/files/db0629c1bc4a19fec6980207787ed5da.jpg,3,https://outzidr.com/cdn/shop/files/75ca6f4f805d18b40962e56c425b2658.jpg,active,1,https://outzidr.com/cdn/shop/files/Top_Wear_Size_Chat.png,Woman,,
White Abstract Print Mesh Fitted Top,Outzidr,REPLACE,Tops,OZR-W-TOP-90,OZR-W-TOP-90-XL,"Tops, Outzidr",TRUE,Color,White,Size,XL,shopify,809,899,,https://outzidr.com/cdn/shop/files/ac7bb7c437cd9129156886872db46d8e.jpg,4,https://outzidr.com/cdn/shop/files/75ca6f4f805d18b40962e56c425b2658.jpg,active,0,https://outzidr.com/cdn/shop/files/Top_Wear_Size_Chat.png,Woman,,
White Abstract Print Mesh Fitted Top,Outzidr,REPLACE,Tops,OZR-W-TOP-90,,"Tops, Outzidr",TRUE,,,,,shopify,,,,https://outzidr.com/cdn/shop/files/765dd6af0a726ebcf8e322146d361607.jpg,5,,active,,https://outzidr.com/cdn/shop/files/Top_Wear_Size_Chat.png,Woman,,
Wine Corset Tie Up Dress,Outzidr,REPLACE,Dresses,OZR-W-DRS-91,OZR-W-DRS-91-XS,"Dresses, Outzidr",TRUE,Color,Red,Size,XS,shopify,506,562,,https://outzidr.com/cdn/shop/files/778700d5ef22c124c052fcfa3ebf6358.jpg,1,https://outzidr.com/cdn/shop/files/778700d5ef22c124c052fcfa3ebf6358.jpg,active,0,https://outzidr.com/cdn/shop/files/All_in_one_Size_Chart.png,Woman,,
Wine Corset Tie Up Dress,Outzidr,REPLACE,Dresses,OZR-W-DRS-91,OZR-W-DRS-91-S,"Dresses, Outzidr",TRUE,Color,Red,Size,S,shopify,506,562,,https://outzidr.com/cdn/shop/files/e7cb5073e367fb34d4f0c690f1cdef1c.jpg,2,https://outzidr.com/cdn/shop/files/778700d5ef22c124c052fcfa3ebf6358.jpg,active,0,https://outzidr.com/cdn/shop/files/All_in_one_Size_Chart.png,Woman,,
Wine Corset Tie Up Dress,Outzidr,REPLACE,Dresses,OZR-W-DRS-91,OZR-W-DRS-91-M,"Dresses, Outzidr",TRUE,Color,Red,Size,M,shopify,506,562,,https://outzidr.com/cdn/shop/files/613b5c05d5653bae044d2140f988a238.jpg,3,https://outzidr.com/cdn/shop/files/778700d5ef22c124c052fcfa3ebf6358.jpg,active,0,https://outzidr.com/cdn/shop/files/All_in_one_Size_Chart.png,Woman,,
Wine Corset Tie Up Dress,Outzidr,REPLACE,Dresses,OZR-W-DRS-91,OZR-W-DRS-91-L,"Dresses, Outzidr",TRUE,Color,Red,Size,L,shopify,506,562,,https://outzidr.com/cdn/shop/files/d8aa7d641575244bacc1fd3449c69e8d.jpg,4,https://outzidr.com/cdn/shop/files/778700d5ef22c124c052fcfa3ebf6358.jpg,active,1,https://outzidr.com/cdn/shop/files/All_in_one_Size_Chart.png,Woman,,
Wine Corset Tie Up Dress,Outzidr,REPLACE,Dresses,OZR-W-DRS-91,,"Dresses, Outzidr",TRUE,,,,,shopify,,,,https://outzidr.com/cdn/shop/files/8aad1a16fe68fb65481ab221d0552326.jpg,5,,active,,https://outzidr.com/cdn/shop/files/All_in_one_Size_Chart.png,Woman,,
Wine Corset Tie Up Dress,Outzidr,REPLACE,Dresses,OZR-W-DRS-91,,"Dresses, Outzidr",TRUE,,,,,shopify,,,,https://outzidr.com/cdn/shop/files/304366bff598ad45aa9e9fb795698fe2.jpg,6,,active,,https://outzidr.com/cdn/shop/files/All_in_one_Size_Chart.png,Woman,,
Wine Scoop Neck Basic Fitted Top,Outzidr,REPLACE,Tops,OZR-W-TOP-92,OZR-W-TOP-92-S,"Tops, Outzidr",TRUE,Color,Red,Size,S,shopify,494,549,,https://outzidr.com/cdn/shop/files/3841f0469132b04305a3b69f4b29a1b9.jpg,1,https://outzidr.com/cdn/shop/files/3841f0469132b04305a3b69f4b29a1b9.jpg,active,2,https://outzidr.com/cdn/shop/files/Top_Wear_Size_Chat.png,Woman,,
Wine Scoop Neck Basic Fitted Top,Outzidr,REPLACE,Tops,OZR-W-TOP-92,OZR-W-TOP-92-M,"Tops, Outzidr",TRUE,Color,Red,Size,M,shopify,494,549,,https://outzidr.com/cdn/shop/files/41c01bcc092e5a666c104402c6b544d8_10dfffd6-e89f-4879-91b6-d5c698ecb907.png,2,https://outzidr.com/cdn/shop/files/3841f0469132b04305a3b69f4b29a1b9.jpg,active,0,https://outzidr.com/cdn/shop/files/Top_Wear_Size_Chat.png,Woman,,
Wine Scoop Neck Basic Fitted Top,Outzidr,REPLACE,Tops,OZR-W-TOP-92,OZR-W-TOP-92-L,"Tops, Outzidr",TRUE,Color,Red,Size,L,shopify,494,549,,,3,https://outzidr.com/cdn/shop/files/3841f0469132b04305a3b69f4b29a1b9.jpg,active,0,https://outzidr.com/cdn/shop/files/Top_Wear_Size_Chat.png,Woman,,
Wine Scoop Neck Basic Fitted Top,Outzidr,REPLACE,Tops,OZR-W-TOP-92,OZR-W-TOP-92-XL,"Tops, Outzidr",TRUE,Color,Red,Size,XL,shopify,494,549,,,4,https://outzidr.com/cdn/shop/files/3841f0469132b04305a3b69f4b29a1b9.jpg,active,0,https://outzidr.com/cdn/shop/files/Top_Wear_Size_Chat.png,Woman,,
Black Halter Neck Straight Bottom Jumpsuit,Outzidr,REPLACE,Jumpsuits,OZR-W-JSU-93,OZR-W-JSU-93-S,"Jumpsuits, Outzidr",TRUE,Color,Black,Size,S,shopify,1849,1849,,https://cdn.shopify.com/s/files/1/0681/5386/8461/files/24ede134f268dbd78173961d59a983fa.jpg?v=1744804071,1,https://cdn.shopify.com/s/files/1/0681/5386/8461/files/24ede134f268dbd78173961d59a983fa.jpg?v=1744804071,active,2,https://outzidr.com/cdn/shop/files/All_in_one_Size_Chart.png,Woman,,
Black Halter Neck Straight Bottom Jumpsuit,Outzidr,REPLACE,Jumpsuits,OZR-W-JSU-93,OZR-W-JSU-93-M,"Jumpsuits, Outzidr",TRUE,Color,Black,Size,M,shopify,1849,1849,,https://cdn.shopify.com/s/files/1/0681/5386/8461/files/4007dfe9acd4639a79c5c34214cce7fa.jpg?v=1744804071,2,https://cdn.shopify.com/s/files/1/0681/5386/8461/files/24ede134f268dbd78173961d59a983fa.jpg?v=1744804071,active,1,https://outzidr.com/cdn/shop/files/All_in_one_Size_Chart.png,Woman,,
Black Halter Neck Straight Bottom Jumpsuit,Outzidr,REPLACE,Jumpsuits,OZR-W-JSU-93,OZR-W-JSU-93-L,"Jumpsuits, Outzidr",TRUE,Color,Black,Size,L,shopify,1849,1849,,https://cdn.shopify.com/s/files/1/0681/5386/8461/files/7ce63e2c74209eec5ff5b07ff1705506.jpg?v=1744804071,3,https://cdn.shopify.com/s/files/1/0681/5386/8461/files/24ede134f268dbd78173961d59a983fa.jpg?v=1744804071,active,2,https://outzidr.com/cdn/shop/files/All_in_one_Size_Chart.png,Woman,,
Black Strappy Fitted Maxi Dress,Outzidr,REPLACE,Dresses,OZR-W-DRS-94,OZR-W-DRS-94-XS,"Dresses, Outzidr",TRUE,Color,Black,Size,XS,shopify,1649,1649,,https://cdn.shopify.com/s/files/1/0681/5386/8461/files/a1d1fdf7a79c06f9104543bca2fe82c5.jpg?v=1744372776,1,https://cdn.shopify.com/s/files/1/0681/5386/8461/files/a1d1fdf7a79c06f9104543bca2fe82c5.jpg?v=1744372776,active,1,https://outzidr.com/cdn/shop/files/All_in_one_Size_Chart.png,Woman,,
Black Strappy Fitted Maxi Dress,Outzidr,REPLACE,Dresses,OZR-W-DRS-94,OZR-W-DRS-94-S,"Dresses, Outzidr",TRUE,Color,Black,Size,S,shopify,1649,1649,,https://cdn.shopify.com/s/files/1/0681/5386/8461/files/c3f7111dfdca347977c6f0167de82373.jpg?v=1744372776,2,https://cdn.shopify.com/s/files/1/0681/5386/8461/files/a1d1fdf7a79c06f9104543bca2fe82c5.jpg?v=1744372776,active,2,https://outzidr.com/cdn/shop/files/All_in_one_Size_Chart.png,Woman,,
Black Strappy Fitted Maxi Dress,Outzidr,REPLACE,Dresses,OZR-W-DRS-94,OZR-W-DRS-94-M,"Dresses, Outzidr",TRUE,Color,Black,Size,M,shopify,1649,1649,,https://cdn.shopify.com/s/files/1/0681/5386/8461/files/1ac39019a052e9c2fea82b2033e02cc3.jpg?v=1744372776,3,https://cdn.shopify.com/s/files/1/0681/5386/8461/files/a1d1fdf7a79c06f9104543bca2fe82c5.jpg?v=1744372776,active,1,https://outzidr.com/cdn/shop/files/All_in_one_Size_Chart.png,Woman,,
Black Strappy Fitted Maxi Dress,Outzidr,REPLACE,Dresses,OZR-W-DRS-94,OZR-W-DRS-94-L,"Dresses, Outzidr",TRUE,Color,Black,Size,L,shopify,1649,1649,,https://cdn.shopify.com/s/files/1/0681/5386/8461/files/d105b806c0287ff27e8e6d6dfee05acb.jpg?v=1744372776,4,https://cdn.shopify.com/s/files/1/0681/5386/8461/files/a1d1fdf7a79c06f9104543bca2fe82c5.jpg?v=1744372776,active,0,https://outzidr.com/cdn/shop/files/All_in_one_Size_Chart.png,Woman,,
Black Strappy Fitted Maxi Dress,Outzidr,REPLACE,Dresses,OZR-W-DRS-94,OZR-W-DRS-94-XL,"Dresses, Outzidr",TRUE,Color,Black,Size,XL,shopify,1649,1649,,https://cdn.shopify.com/s/files/1/0681/5386/8461/files/140c12817fa95218f2025a09971478c4.jpg?v=1744372776,5,https://cdn.shopify.com/s/files/1/0681/5386/8461/files/a1d1fdf7a79c06f9104543bca2fe82c5.jpg?v=1744372776,active,0,https://outzidr.com/cdn/shop/files/All_in_one_Size_Chart.png,Woman,,
Black Flared Mini Dress,Outzidr,REPLACE,Dresses,OZR-W-DRS-95,OZR-W-DRS-95-S,"Dresses, Outzidr",TRUE,Color,Black,Size,S,shopify,1249,1249,,https://cdn.shopify.com/s/files/1/0681/5386/8461/files/b1c2847663f381875ce64221a7963e82175.jpg?v=1744373216,1,https://cdn.shopify.com/s/files/1/0681/5386/8461/files/b1c2847663f381875ce64221a7963e82175.jpg?v=1744373216,active,2,https://outzidr.com/cdn/shop/files/All_in_one_Size_Chart.png,Woman,,
Black Flared Mini Dress,Outzidr,REPLACE,Dresses,OZR-W-DRS-95,OZR-W-DRS-95-M,"Dresses, Outzidr",TRUE,Color,Black,Size,M,shopify,1249,1249,,https://cdn.shopify.com/s/files/1/0681/5386/8461/files/b1c2847663f381875ce64221a7963e8278.jpg?v=1744373216,2,https://cdn.shopify.com/s/files/1/0681/5386/8461/files/b1c2847663f381875ce64221a7963e82175.jpg?v=1744373216,active,0,https://outzidr.com/cdn/shop/files/All_in_one_Size_Chart.png,Woman,,
Black Flared Mini Dress,Outzidr,REPLACE,Dresses,OZR-W-DRS-95,OZR-W-DRS-95-L,"Dresses, Outzidr",TRUE,Color,Black,Size,L,shopify,1249,1249,,https://cdn.shopify.com/s/files/1/0681/5386/8461/files/41c01bcc092e5a666c104402c6b544d8_8c20cc93-c728-4c19-a755-4be47a9c6f66.png?v=1747588421,3,https://cdn.shopify.com/s/files/1/0681/5386/8461/files/b1c2847663f381875ce64221a7963e82175.jpg?v=1744373216,active,1,https://outzidr.com/cdn/shop/files/All_in_one_Size_Chart.png,Woman,,
Black Flared Mini Dress,Outzidr,REPLACE,Dresses,OZR-W-DRS-95,OZR-W-DRS-95-XL,"Dresses, Outzidr",TRUE,Color,Black,Size,XL,shopify,1249,1249,,,4,,active,0,https://outzidr.com/cdn/shop/files/All_in_one_Size_Chart.png,Woman,,
Black High Slitted Cut Out Dress,Outzidr,REPLACE,Dresses,OZR-W-DRS-96,OZR-W-DRS-96-S,"Dresses, Outzidr",TRUE,Color,Black,Size,S,shopify,1199,1199,,https://cdn.shopify.com/s/files/1/0681/5386/8461/files/2_6753790a-3f96-441a-b1bf-60711f1305d0.jpg?v=1745470385,1,https://cdn.shopify.com/s/files/1/0681/5386/8461/files/2_6753790a-3f96-441a-b1bf-60711f1305d0.jpg?v=1745470385,active,2,https://outzidr.com/cdn/shop/files/All_in_one_Size_Chart.png,Woman,,
Black High Slitted Cut Out Dress,Outzidr,REPLACE,Dresses,OZR-W-DRS-96,OZR-W-DRS-96-M,"Dresses, Outzidr",TRUE,Color,Black,Size,M,shopify,1199,1199,,https://cdn.shopify.com/s/files/1/0681/5386/8461/files/41c01bcc092e5a666c104402c6b544d8_d7f2dff4-02c8-4a85-ab95-ad5f8675001e.png?v=1747589219,2,https://cdn.shopify.com/s/files/1/0681/5386/8461/files/2_6753790a-3f96-441a-b1bf-60711f1305d0.jpg?v=1745470385,active,0,https://outzidr.com/cdn/shop/files/All_in_one_Size_Chart.png,Woman,,
Black High Slitted Cut Out Dress,Outzidr,REPLACE,Dresses,OZR-W-DRS-96,OZR-W-DRS-96-L,"Dresses, Outzidr",TRUE,Color,Black,Size,L,shopify,1199,1199,,,3,,active,2,https://outzidr.com/cdn/shop/files/All_in_one_Size_Chart.png,Woman,,
Plunge Neck Fitted Dress,Outzidr,REPLACE,Dresses,OZR-W-DRS-97,OZR-W-DRS-97-S,"Dresses, Outzidr",TRUE,Color,Black,Size,S,shopify,1699,1699,,https://cdn.shopify.com/s/files/1/0681/5386/8461/files/fc7f06b3c67d56da4c32fa78e0a4038c.jpg?v=1745471966,1,https://cdn.shopify.com/s/files/1/0681/5386/8461/files/fc7f06b3c67d56da4c32fa78e0a4038c.jpg?v=1745471966,active,2,https://outzidr.com/cdn/shop/files/All_in_one_Size_Chart.png,Woman,,
Plunge Neck Fitted Dress,Outzidr,REPLACE,Dresses,OZR-W-DRS-97,OZR-W-DRS-97-M,"Dresses, Outzidr",TRUE,Color,Black,Size,M,shopify,1699,1699,,https://cdn.shopify.com/s/files/1/0681/5386/8461/files/41c01bcc092e5a666c104402c6b544d8_13db756d-e9c8-4220-a3f7-898e15d2db36.png?v=1747589477,2,https://cdn.shopify.com/s/files/1/0681/5386/8461/files/fc7f06b3c67d56da4c32fa78e0a4038c.jpg?v=1745471966,active,2,https://outzidr.com/cdn/shop/files/All_in_one_Size_Chart.png,Woman,,
Plunge Neck Fitted Dress,Outzidr,REPLACE,Dresses,OZR-W-DRS-97,OZR-W-DRS-97-L,"Dresses, Outzidr",TRUE,Color,Black,Size,L,shopify,1699,1699,,,3,,active,0,https://outzidr.com/cdn/shop/files/All_in_one_Size_Chart.png,Woman,,
Plunge Neck Fitted Dress,Outzidr,REPLACE,Dresses,OZR-W-DRS-97,OZR-W-DRS-97-XL,"Dresses, Outzidr",TRUE,Color,Black,Size,XL,shopify,1699,1699,,,4,,active,0,https://outzidr.com/cdn/shop/files/All_in_one_Size_Chart.png,Woman,,